Time,Channel A,Channel B
(s),(mV),(V)

-5.34374809,328.74540000,-3.38984300
-5.34041409,324.15230000,-3.43562100
-5.33708009,324.15230000,-3.43562100
-5.33374609,319.55930000,-3.43562100
-5.33041209,324.15230000,-3.43562100
-5.32707809,324.15230000,-3.43562100
-5.32374409,324.15230000,-3.43562100
-5.32041009,319.55930000,-3.43562100
-5.31707609,319.55930000,-3.38984300
-5.31374209,319.55930000,-3.38984300
-5.31040809,324.15230000,-3.43562100
-5.30707409,328.74540000,-3.43562100
-5.30374009,328.74540000,-3.43562100
-5.30040609,328.74540000,-3.43562100
-5.29707209,328.74540000,-3.43562100
-5.29373809,333.33840000,-3.38984300
-5.29040409,337.93140000,-3.38984300
-5.28707009,337.93140000,-3.43562100
-5.28373609,337.93140000,-3.43562100
-5.28040209,342.52450000,-3.43562100
-5.27706809,342.52450000,-3.43562100
-5.27373409,347.11750000,-3.43562100
-5.27040009,342.52450000,-3.43562100
-5.26706609,342.52450000,-3.43562100
-5.26373209,342.52450000,-3.43562100
-5.26039809,342.52450000,-3.38984300
-5.25706409,342.52450000,-3.43562100
-5.25373009,337.93140000,-3.43562100
-5.25039609,337.93140000,-3.43562100
-5.24706209,337.93140000,-3.43562100
-5.24372809,337.93140000,-3.43562100
-5.24039409,333.33840000,-3.43562100
-5.23706009,333.33840000,-3.43562100
-5.23372609,333.33840000,-3.43562100
-5.23039209,328.74540000,-3.43562100
-5.22705809,333.33840000,-3.43562100
-5.22372409,333.33840000,-3.43562100
-5.22039009,333.33840000,-3.43562100
-5.21705609,333.33840000,-3.38984300
-5.21372209,337.93140000,-3.43562100
-5.21038809,337.93140000,-3.43562100
-5.20705409,337.93140000,-3.43562100
-5.20372009,342.52450000,-3.43562100
-5.20038609,337.93140000,-3.43562100
-5.19705209,347.11750000,-3.43562100
-5.19371809,347.11750000,-3.43562100
-5.19038409,347.11750000,-3.43562100
-5.18705009,347.11750000,-3.43562100
-5.18371609,347.11750000,-3.43562100
-5.18038209,347.11750000,-3.43562100
-5.17704809,347.11750000,-3.43562100
-5.17371409,347.11750000,-3.43562100
-5.17038009,347.11750000,-3.43562100
-5.16704609,337.93140000,-3.43562100
-5.16371209,337.93140000,-3.43562100
-5.16037809,337.93140000,-3.43562100
-5.15704409,333.33840000,-3.43562100
-5.15371009,328.74540000,-3.43562100
-5.15037609,328.74540000,-3.43562100
-5.14704209,328.74540000,-3.43562100
-5.14370809,328.74540000,-3.43562100
-5.14037409,324.15230000,-3.43562100
-5.13704009,324.15230000,-3.43562100
-5.13370609,324.15230000,-3.43562100
-5.13037209,319.55930000,-3.43562100
-5.12703809,319.55930000,-3.43562100
-5.12370409,324.15230000,-3.43562100
-5.12037009,328.74540000,-3.43562100
-5.11703609,328.74540000,-3.43562100
-5.11370209,324.15230000,-3.43562100
-5.11036809,328.74540000,-3.43562100
-5.10703409,328.74540000,-3.43562100
-5.10370009,328.74540000,-3.43562100
-5.10036609,328.74540000,-3.43562100
-5.09703209,328.74540000,-3.43562100
-5.09369809,328.74540000,-3.38984300
-5.09036409,328.74540000,-3.43562100
-5.08703009,328.74540000,-3.38984300
-5.08369609,328.74540000,-3.43562100
-5.08036209,324.15230000,-3.43562100
-5.07702809,319.55930000,-3.43562100
-5.07369409,319.55930000,-3.38984300
-5.07036009,324.15230000,-3.43562100
-5.06702609,319.55930000,-3.43562100
-5.06369209,319.55930000,-3.43562100
-5.06035809,314.96630000,-3.43562100
-5.05702409,310.38850000,-3.43562100
-5.05369009,310.38850000,-3.43562100
-5.05035609,310.38850000,-3.43562100
-5.04702209,310.38850000,-3.43562100
-5.04368809,310.38850000,-3.43562100
-5.04035409,310.38850000,-3.43562100
-5.03702009,310.38850000,-3.43562100
-5.03368609,305.79540000,-3.43562100
-5.03035209,305.79540000,-3.43562100
-5.02701809,310.38850000,-3.38984300
-5.02368409,310.38850000,-3.43562100
-5.02035009,310.38850000,-3.43562100
-5.01701609,314.96630000,-3.38984300
-5.01368209,314.96630000,-3.43562100
-5.01034809,314.96630000,-3.38984300
-5.00701409,310.38850000,-3.38984300
-5.00368009,314.96630000,-3.43562100
-5.00034609,314.96630000,-3.38984300
-4.99701209,310.38850000,-3.38984300
-4.99367809,310.38850000,-3.43562100
-4.99034409,310.38850000,-3.43562100
-4.98701009,310.38850000,-3.43562100
-4.98367609,305.79540000,-3.43562100
-4.98034209,301.20240000,-3.43562100
-4.97700809,301.20240000,-3.43562100
-4.97367409,301.20240000,-3.43562100
-4.97034009,296.60940000,-3.43562100
-4.96700609,296.60940000,-3.43562100
-4.96367209,296.60940000,-3.43562100
-4.96033809,292.01630000,-3.43562100
-4.95700409,292.01630000,-3.43562100
-4.95367009,292.01630000,-3.43562100
-4.95033609,292.01630000,-3.43562100
-4.94700209,292.01630000,-3.43562100
-4.94366809,292.01630000,-3.38984300
-4.94033409,296.60940000,-3.43562100
-4.93700009,296.60940000,-3.43562100
-4.93366609,296.60940000,-3.43562100
-4.93033209,301.20240000,-3.43562100
-4.92699809,301.20240000,-3.43562100
-4.92366409,301.20240000,-3.43562100
-4.92033009,301.20240000,-3.43562100
-4.91699609,301.20240000,-3.43562100
-4.91366209,301.20240000,-3.43562100
-4.91032809,301.20240000,-3.43562100
-4.90699409,301.20240000,-3.43562100
-4.90366009,301.20240000,-3.43562100
-4.90032609,301.20240000,-3.43562100
-4.89699209,301.20240000,-3.43562100
-4.89365809,301.20240000,-3.43562100
-4.89032409,296.60940000,-3.43562100
-4.88699009,296.60940000,-3.43562100
-4.88365609,296.60940000,-3.43562100
-4.88032209,292.01630000,-3.38984300
-4.87698809,292.01630000,-3.43562100
-4.87365409,292.01630000,-3.43562100
-4.87032009,292.01630000,-3.43562100
-4.86698609,292.01630000,-3.43562100
-4.86365209,292.01630000,-3.43562100
-4.86031809,292.01630000,-3.43562100
-4.85698409,292.01630000,-3.43562100
-4.85365009,292.01630000,-3.43562100
-4.85031609,296.60940000,-3.38984300
-4.84698209,301.20240000,-3.43562100
-4.84364809,301.20240000,-3.43562100
-4.84031409,301.20240000,-3.38984300
-4.83698009,301.20240000,-3.38984300
-4.83364609,305.79540000,-3.43562100
-4.83031209,301.20240000,-3.43562100
-4.82697809,305.79540000,-3.43562100
-4.82364409,305.79540000,-3.43562100
-4.82031009,310.38850000,-3.43562100
-4.81697609,305.79540000,-3.43562100
-4.81364209,305.79540000,-3.43562100
-4.81030809,305.79540000,-3.43562100
-4.80697409,305.79540000,-3.43562100
-4.80364009,305.79540000,-3.43562100
-4.80030609,301.20240000,-3.43562100
-4.79697209,301.20240000,-3.43562100
-4.79363809,296.60940000,-3.43562100
-4.79030409,301.20240000,-3.43562100
-4.78697009,296.60940000,-3.43562100
-4.78363609,301.20240000,-3.43562100
-4.78030209,296.60940000,-3.43562100
-4.77696809,296.60940000,-3.43562100
-4.77363409,301.20240000,-3.43562100
-4.77030009,301.20240000,-3.43562100
-4.76696609,301.20240000,-3.43562100
-4.76363209,301.20240000,-3.43562100
-4.76029809,305.79540000,-3.43562100
-4.75696409,310.38850000,-3.43562100
-4.75363009,310.38850000,-3.43562100
-4.75029609,310.38850000,-3.43562100
-4.74696209,310.38850000,-3.43562100
-4.74362809,314.96630000,-3.43562100
-4.74029409,314.96630000,-3.43562100
-4.73696009,319.55930000,-3.43562100
-4.73362609,319.55930000,-3.38984300
-4.73029209,319.55930000,-3.43562100
-4.72695809,319.55930000,-3.43562100
-4.72362409,319.55930000,-3.43562100
-4.72029009,319.55930000,-3.43562100
-4.71695609,319.55930000,-3.43562100
-4.71362209,314.96630000,-3.43562100
-4.71028809,319.55930000,-3.43562100
-4.70695409,319.55930000,-3.43562100
-4.70362009,319.55930000,-3.43562100
-4.70028609,314.96630000,-3.43562100
-4.69695209,314.96630000,-3.43562100
-4.69361809,310.38850000,-3.43562100
-4.69028409,310.38850000,-3.43562100
-4.68695009,314.96630000,-3.43562100
-4.68361609,314.96630000,-3.43562100
-4.68028209,314.96630000,-3.38984300
-4.67694809,319.55930000,-3.43562100
-4.67361409,319.55930000,-3.43562100
-4.67028009,324.15230000,-3.43562100
-4.66694609,319.55930000,-3.43562100
-4.66361209,319.55930000,-3.43562100
-4.66027809,324.15230000,-3.43562100
-4.65694409,333.33840000,-3.43562100
-4.65361009,328.74540000,-3.43562100
-4.65027609,333.33840000,-3.43562100
-4.64694209,333.33840000,-3.43562100
-4.64360809,333.33840000,-3.38984300
-4.64027409,333.33840000,-3.43562100
-4.63694009,337.93140000,-3.38984300
-4.63360609,333.33840000,-3.43562100
-4.63027209,333.33840000,-3.43562100
-4.62693809,333.33840000,-3.43562100
-4.62360409,333.33840000,-3.43562100
-4.62027009,333.33840000,-3.43562100
-4.61693609,328.74540000,-3.43562100
-4.61360209,328.74540000,-3.38984300
-4.61026809,328.74540000,-3.43562100
-4.60693409,328.74540000,-3.43562100
-4.60360009,328.74540000,-3.43562100
-4.60026609,328.74540000,-3.43562100
-4.59693209,328.74540000,-3.43562100
-4.59359809,328.74540000,-3.38984300
-4.59026409,333.33840000,-3.43562100
-4.58693009,333.33840000,-3.43562100
-4.58359609,337.93140000,-3.38984300
-4.58026209,337.93140000,-3.43562100
-4.57692809,337.93140000,-3.43562100
-4.57359409,342.52450000,-3.43562100
-4.57026009,342.52450000,-3.43562100
-4.56692609,347.11750000,-3.43562100
-4.56359209,347.11750000,-3.43562100
-4.56025809,351.71050000,-3.43562100
-4.55692409,351.71050000,-3.43562100
-4.55359009,356.30360000,-3.43562100
-4.55025609,356.30360000,-3.43562100
-4.54692209,356.30360000,-3.43562100
-4.54358809,356.30360000,-3.43562100
-4.54025409,356.30360000,-3.43562100
-4.53692009,356.30360000,-3.43562100
-4.53358609,351.71050000,-3.43562100
-4.53025209,356.30360000,-3.43562100
-4.52691809,351.71050000,-3.43562100
-4.52358409,351.71050000,-3.43562100
-4.52025009,347.11750000,-3.43562100
-4.51691609,347.11750000,-3.43562100
-4.51358209,347.11750000,-3.43562100
-4.51024809,347.11750000,-3.43562100
-4.50691409,347.11750000,-3.43562100
-4.50358009,347.11750000,-3.43562100
-4.50024609,347.11750000,-3.43562100
-4.49691209,347.11750000,-3.43562100
-4.49357809,351.71050000,-3.43562100
-4.49024409,347.11750000,-3.43562100
-4.48691009,351.71050000,-3.43562100
-4.48357609,351.71050000,-3.43562100
-4.48024209,356.30360000,-3.43562100
-4.47690809,356.30360000,-3.43562100
-4.47357409,356.30360000,-3.43562100
-4.47024009,356.30360000,-3.43562100
-4.46690609,360.89660000,-3.43562100
-4.46357209,365.48970000,-3.43562100
-4.46023809,360.89660000,-3.43562100
-4.45690409,365.48970000,-3.38984300
-4.45357009,356.30360000,-3.43562100
-4.45023609,356.30360000,-3.43562100
-4.44690209,360.89660000,-3.43562100
-4.44356809,360.89660000,-3.43562100
-4.44023409,356.30360000,-3.43562100
-4.43690009,351.71050000,-3.38984300
-4.43356609,351.71050000,-3.43562100
-4.43023209,351.71050000,-3.43562100
-4.42689809,347.11750000,-3.43562100
-4.42356409,347.11750000,-3.43562100
-4.42023009,347.11750000,-3.43562100
-4.41689609,347.11750000,-3.43562100
-4.41356209,347.11750000,-3.43562100
-4.41022809,347.11750000,-3.43562100
-4.40689409,351.71050000,-3.43562100
-4.40356009,347.11750000,-3.43562100
-4.40022609,347.11750000,-3.43562100
-4.39689209,351.71050000,-3.38984300
-4.39355809,356.30360000,-3.43562100
-4.39022409,356.30360000,-3.43562100
-4.38689009,356.30360000,-3.43562100
-4.38355609,356.30360000,-3.43562100
-4.38022209,356.30360000,-3.38984300
-4.37688809,356.30360000,-3.43562100
-4.37355409,356.30360000,-3.43562100
-4.37022009,356.30360000,-3.43562100
-4.36688609,356.30360000,-3.43562100
-4.36355209,356.30360000,-3.43562100
-4.36021809,360.89660000,-3.43562100
-4.35688409,356.30360000,-3.43562100
-4.35355009,356.30360000,-3.43562100
-4.35021609,351.71050000,-3.43562100
-4.34688209,351.71050000,-3.43562100
-4.34354809,356.30360000,-3.43562100
-4.34021409,351.71050000,-3.43562100
-4.33688009,347.11750000,-3.43562100
-4.33354609,347.11750000,-3.43562100
-4.33021209,347.11750000,-3.43562100
-4.32687809,347.11750000,-3.38984300
-4.32354409,347.11750000,-3.38984300
-4.32021009,347.11750000,-3.43562100
-4.31687609,347.11750000,-3.38984300
-4.31354209,347.11750000,-3.43562100
-4.31020809,351.71050000,-3.43562100
-4.30687409,356.30360000,-3.43562100
-4.30354009,356.30360000,-3.43562100
-4.30020609,356.30360000,-3.43562100
-4.29687209,356.30360000,-3.43562100
-4.29353809,356.30360000,-3.43562100
-4.29020409,360.89660000,-3.43562100
-4.28687009,360.89660000,-3.43562100
-4.28353609,360.89660000,-3.43562100
-4.28020209,360.89660000,-3.43562100
-4.27686809,360.89660000,-3.43562100
-4.27353409,360.89660000,-3.43562100
-4.27020009,360.89660000,-3.43562100
-4.26686609,356.30360000,-3.38984300
-4.26353209,356.30360000,-3.43562100
-4.26019809,356.30360000,-3.38984300
-4.25686409,356.30360000,-3.43562100
-4.25353009,356.30360000,-3.43562100
-4.25019609,351.71050000,-3.43562100
-4.24686209,347.11750000,-3.43562100
-4.24352809,351.71050000,-3.38984300
-4.24019409,347.11750000,-3.43562100
-4.23686009,347.11750000,-3.43562100
-4.23352609,351.71050000,-3.38984300
-4.23019209,351.71050000,-3.43562100
-4.22685809,351.71050000,-3.43562100
-4.22352409,356.30360000,-3.43562100
-4.22019009,356.30360000,-3.43562100
-4.21685609,356.30360000,-3.43562100
-4.21352209,356.30360000,-3.43562100
-4.21018809,360.89660000,-3.43562100
-4.20685409,360.89660000,-3.43562100
-4.20352009,365.48970000,-3.43562100
-4.20018609,365.48970000,-3.43562100
-4.19685209,365.48970000,-3.43562100
-4.19351809,370.08270000,-3.38984300
-4.19018409,370.08270000,-3.43562100
-4.18685009,370.08270000,-3.43562100
-4.18351609,370.08270000,-3.43562100
-4.18018209,370.08270000,-3.43562100
-4.17684809,370.08270000,-3.43562100
-4.17351409,370.08270000,-3.43562100
-4.17018009,370.08270000,-3.43562100
-4.16684609,365.48970000,-3.43562100
-4.16351209,365.48970000,-3.43562100
-4.16017809,365.48970000,-3.43562100
-4.15684409,365.48970000,-3.43562100
-4.15351009,365.48970000,-3.43562100
-4.15017609,365.48970000,-3.43562100
-4.14684209,365.48970000,-3.43562100
-4.14350809,365.48970000,-3.43562100
-4.14017409,370.08270000,-3.43562100
-4.13684009,365.48970000,-3.43562100
-4.13350609,370.08270000,-3.43562100
-4.13017209,374.67570000,-3.38984300
-4.12683809,374.67570000,-3.43562100
-4.12350409,379.26870000,-3.43562100
-4.12017009,383.86180000,-3.43562100
-4.11683609,383.86180000,-3.43562100
-4.11350209,383.86180000,-3.43562100
-4.11016809,388.45480000,-3.43562100
-4.10683409,388.45480000,-3.43562100
-4.10350009,393.04790000,-3.43562100
-4.10016609,393.04790000,-3.43562100
-4.09683209,393.04790000,-3.43562100
-4.09349809,393.04790000,-3.43562100
-4.09016409,388.45480000,-3.43562100
-4.08683009,388.45480000,-3.43562100
-4.08349609,388.45480000,-3.43562100
-4.08016209,383.86180000,-3.43562100
-4.07682809,383.86180000,-3.43562100
-4.07349409,383.86180000,-3.43562100
-4.07016009,379.26870000,-3.43562100
-4.06682609,374.67570000,-3.43562100
-4.06349209,374.67570000,-3.43562100
-4.06015809,374.67570000,-3.43562100
-4.05682409,374.67570000,-3.38984300
-4.05349009,374.67570000,-3.38984300
-4.05015609,374.67570000,-3.43562100
-4.04682209,374.67570000,-3.43562100
-4.04348809,374.67570000,-3.43562100
-4.04015409,374.67570000,-3.43562100
-4.03682009,374.67570000,-3.43562100
-4.03348609,374.67570000,-3.43562100
-4.03015209,383.86180000,-3.38984300
-4.02681809,379.26870000,-3.43562100
-4.02348409,383.86180000,-3.38984300
-4.02015009,383.86180000,-3.38984300
-4.01681609,383.86180000,-3.43562100
-4.01348209,383.86180000,-3.43562100
-4.01014809,383.86180000,-3.38984300
-4.00681409,383.86180000,-3.43562100
-4.00348009,383.86180000,-3.43562100
-4.00014609,383.86180000,-3.43562100
-3.99681209,383.86180000,-3.43562100
-3.99347809,383.86180000,-3.38984300
-3.99014409,379.26870000,-3.43562100
-3.98681009,374.67570000,-3.43562100
-3.98347609,374.67570000,-3.43562100
-3.98014209,374.67570000,-3.38984300
-3.97680809,370.08270000,-3.43562100
-3.97347409,370.08270000,-3.43562100
-3.97014009,370.08270000,-3.43562100
-3.96680609,365.48970000,-3.43562100
-3.96347209,365.48970000,-3.43562100
-3.96013809,365.48970000,-3.43562100
-3.95680409,365.48970000,-3.43562100
-3.95347009,370.08270000,-3.43562100
-3.95013609,370.08270000,-3.43562100
-3.94680209,374.67570000,-3.43562100
-3.94346809,374.67570000,-3.43562100
-3.94013409,374.67570000,-3.43562100
-3.93680009,374.67570000,-3.43562100
-3.93346609,379.26870000,-3.43562100
-3.93013209,379.26870000,-3.43562100
-3.92679809,379.26870000,-3.38984300
-3.92346409,383.86180000,-3.43562100
-3.92013009,383.86180000,-3.43562100
-3.91679609,383.86180000,-3.43562100
-3.91346209,383.86180000,-3.38984300
-3.91012809,383.86180000,-3.43562100
-3.90679409,379.26870000,-3.43562100
-3.90346009,374.67570000,-3.43562100
-3.90012609,374.67570000,-3.43562100
-3.89679209,374.67570000,-3.43562100
-3.89345809,374.67570000,-3.43562100
-3.89012409,374.67570000,-3.43562100
-3.88679009,370.08270000,-3.43562100
-3.88345609,370.08270000,-3.43562100
-3.88012209,370.08270000,-3.43562100
-3.87678809,365.48970000,-3.38984300
-3.87345409,365.48970000,-3.43562100
-3.87012009,365.48970000,-3.43562100
-3.86678609,365.48970000,-3.38984300
-3.86345209,370.08270000,-3.43562100
-3.86011809,374.67570000,-3.43562100
-3.85678409,370.08270000,-3.43562100
-3.85345009,370.08270000,-3.43562100
-3.85011609,374.67570000,-3.43562100
-3.84678209,379.26870000,-3.43562100
-3.84344809,374.67570000,-3.43562100
-3.84011409,379.26870000,-3.38984300
-3.83678009,379.26870000,-3.43562100
-3.83344609,383.86180000,-3.43562100
-3.83011209,383.86180000,-3.43562100
-3.82677809,383.86180000,-3.43562100
-3.82344409,383.86180000,-3.43562100
-3.82011009,379.26870000,-3.43562100
-3.81677609,374.67570000,-3.43562100
-3.81344209,379.26870000,-3.43562100
-3.81010809,374.67570000,-3.43562100
-3.80677409,374.67570000,-3.43562100
-3.80344009,374.67570000,-3.43562100
-3.80010609,374.67570000,-3.43562100
-3.79677209,374.67570000,-3.43562100
-3.79343809,370.08270000,-3.43562100
-3.79010409,374.67570000,-3.43562100
-3.78677009,370.08270000,-3.43562100
-3.78343609,370.08270000,-3.43562100
-3.78010209,370.08270000,-3.43562100
-3.77676809,370.08270000,-3.43562100
-3.77343409,370.08270000,-3.43562100
-3.77010009,374.67570000,-3.43562100
-3.76676609,374.67570000,-3.43562100
-3.76343209,379.26870000,-3.43562100
-3.76009809,379.26870000,-3.43562100
-3.75676409,383.86180000,-3.43562100
-3.75343009,383.86180000,-3.43562100
-3.75009609,383.86180000,-3.43562100
-3.74676209,383.86180000,-3.43562100
-3.74342809,383.86180000,-3.38984300
-3.74009409,383.86180000,-3.43562100
-3.73676009,388.45480000,-3.43562100
-3.73342609,388.45480000,-3.43562100
-3.73009209,388.45480000,-3.43562100
-3.72675809,383.86180000,-3.38984300
-3.72342409,383.86180000,-3.43562100
-3.72009009,383.86180000,-3.43562100
-3.71675609,383.86180000,-3.43562100
-3.71342209,383.86180000,-3.43562100
-3.71008809,379.26870000,-3.43562100
-3.70675409,374.67570000,-3.43562100
-3.70342009,374.67570000,-3.43562100
-3.70008609,374.67570000,-3.43562100
-3.69675209,374.67570000,-3.43562100
-3.69341809,374.67570000,-3.43562100
-3.69008409,379.26870000,-3.43562100
-3.68675009,379.26870000,-3.43562100
-3.68341609,383.86180000,-3.43562100
-3.68008209,383.86180000,-3.43562100
-3.67674809,383.86180000,-3.38984300
-3.67341409,383.86180000,-3.43562100
-3.67008009,388.45480000,-3.43562100
-3.66674609,393.04790000,-3.43562100
-3.66341209,393.04790000,-3.38984300
-3.66007809,393.04790000,-3.38984300
-3.65674409,393.04790000,-3.43562100
-3.65341009,397.64090000,-3.43562100
-3.65007609,397.64090000,-3.38984300
-3.64674209,397.64090000,-3.43562100
-3.64340809,402.23390000,-3.43562100
-3.64007409,397.64090000,-3.43562100
-3.63674009,397.64090000,-3.43562100
-3.63340609,402.23390000,-3.43562100
-3.63007209,402.23390000,-3.43562100
-3.62673809,397.64090000,-3.43562100
-3.62340409,393.04790000,-3.43562100
-3.62007009,393.04790000,-3.43562100
-3.61673609,397.64090000,-3.43562100
-3.61340209,393.04790000,-3.43562100
-3.61006809,393.04790000,-3.43562100
-3.60673409,393.04790000,-3.43562100
-3.60340009,393.04790000,-3.43562100
-3.60006609,393.04790000,-3.43562100
-3.59673209,393.04790000,-3.38984300
-3.59339809,393.04790000,-3.43562100
-3.59006409,393.04790000,-3.38984300
-3.58673009,397.64090000,-3.43562100
-3.58339609,402.23390000,-3.43562100
-3.58006209,402.23390000,-3.38984300
-3.57672809,402.23390000,-3.43562100
-3.57339409,402.23390000,-3.43562100
-3.57006009,406.82700000,-3.43562100
-3.56672609,411.40470000,-3.38984300
-3.56339209,406.82700000,-3.43562100
-3.56005809,406.82700000,-3.38984300
-3.55672409,406.82700000,-3.43562100
-3.55339009,406.82700000,-3.43562100
-3.55005609,406.82700000,-3.43562100
-3.54672209,406.82700000,-3.43562100
-3.54338809,402.23390000,-3.43562100
-3.54005409,402.23390000,-3.43562100
-3.53672009,397.64090000,-3.38984300
-3.53338609,397.64090000,-3.43562100
-3.53005209,397.64090000,-3.38984300
-3.52671809,397.64090000,-3.43562100
-3.52338409,393.04790000,-3.38984300
-3.52005009,393.04790000,-3.43562100
-3.51671609,393.04790000,-3.43562100
-3.51338209,393.04790000,-3.43562100
-3.51004809,393.04790000,-3.43562100
-3.50671409,393.04790000,-3.43562100
-3.50338009,393.04790000,-3.43562100
-3.50004609,397.64090000,-3.43562100
-3.49671209,402.23390000,-3.38984300
-3.49337809,402.23390000,-3.43562100
-3.49004409,402.23390000,-3.43562100
-3.48671009,406.82700000,-3.43562100
-3.48337609,411.40470000,-3.43562100
-3.48004209,411.40470000,-3.43562100
-3.47670809,415.99780000,-3.43562100
-3.47337409,411.40470000,-3.43562100
-3.47004009,415.99780000,-3.43562100
-3.46670609,411.40470000,-3.43562100
-3.46337209,411.40470000,-3.43562100
-3.46003809,411.40470000,-3.43562100
-3.45670409,415.99780000,-3.43562100
-3.45337009,411.40470000,-3.43562100
-3.45003609,411.40470000,-3.43562100
-3.44670209,411.40470000,-3.43562100
-3.44336809,411.40470000,-3.43562100
-3.44003409,411.40470000,-3.38984300
-3.43670009,411.40470000,-3.43562100
-3.43336609,406.82700000,-3.43562100
-3.43003209,406.82700000,-3.43562100
-3.42669809,411.40470000,-3.43562100
-3.42336409,411.40470000,-3.38984300
-3.42003009,411.40470000,-3.43562100
-3.41669609,411.40470000,-3.43562100
-3.41336209,411.40470000,-3.43562100
-3.41002809,411.40470000,-3.43562100
-3.40669409,415.99780000,-3.43562100
-3.40336009,415.99780000,-3.43562100
-3.40002609,415.99780000,-3.43562100
-3.39669209,420.59080000,-3.43562100
-3.39335809,420.59080000,-3.43562100
-3.39002409,420.59080000,-3.43562100
-3.38669009,425.18380000,-3.43562100
-3.38335609,420.59080000,-3.43562100
-3.38002209,420.59080000,-3.38984300
-3.37668809,420.59080000,-3.43562100
-3.37335409,425.18380000,-3.43562100
-3.37002009,420.59080000,-3.43562100
-3.36668609,420.59080000,-3.43562100
-3.36335209,415.99780000,-3.43562100
-3.36001809,411.40470000,-3.43562100
-3.35668409,411.40470000,-3.43562100
-3.35335009,411.40470000,-3.38984300
-3.35001609,411.40470000,-3.43562100
-3.34668209,411.40470000,-3.43562100
-3.34334809,411.40470000,-3.43562100
-3.34001409,406.82700000,-3.43562100
-3.33668009,402.23390000,-3.43562100
-3.33334609,402.23390000,-3.43562100
-3.33001209,402.23390000,-3.43562100
-3.32667809,402.23390000,-3.43562100
-3.32334409,402.23390000,-3.43562100
-3.32001009,406.82700000,-3.43562100
-3.31667609,406.82700000,-3.43562100
-3.31334209,406.82700000,-3.43562100
-3.31000809,406.82700000,-3.38984300
-3.30667409,411.40470000,-3.38984300
-3.30334009,411.40470000,-3.38984300
-3.30000609,411.40470000,-3.43562100
-3.29667209,411.40470000,-3.43562100
-3.29333809,411.40470000,-3.43562100
-3.29000409,411.40470000,-3.43562100
-3.28667009,411.40470000,-3.43562100
-3.28333609,411.40470000,-3.43562100
-3.28000209,406.82700000,-3.43562100
-3.27666809,402.23390000,-3.43562100
-3.27333409,402.23390000,-3.38984300
-3.27000009,402.23390000,-3.38984300
-3.26666609,406.82700000,-3.43562100
-3.26333209,397.64090000,-3.43562100
-3.25999809,393.04790000,-3.38984300
-3.25666409,393.04790000,-3.43562100
-3.25333009,393.04790000,-3.38984300
-3.24999609,393.04790000,-3.43562100
-3.24666209,393.04790000,-3.43562100
-3.24332809,388.45480000,-3.43562100
-3.23999409,388.45480000,-3.43562100
-3.23666009,388.45480000,-3.38984300
-3.23332609,388.45480000,-3.43562100
-3.22999209,388.45480000,-3.43562100
-3.22665809,388.45480000,-3.43562100
-3.22332409,388.45480000,-3.43562100
-3.21999009,393.04790000,-3.43562100
-3.21665609,393.04790000,-3.43562100
-3.21332209,393.04790000,-3.38984300
-3.20998809,393.04790000,-3.43562100
-3.20665409,393.04790000,-3.43562100
-3.20332009,393.04790000,-3.43562100
-3.19998609,393.04790000,-3.43562100
-3.19665209,393.04790000,-3.43562100
-3.19331809,393.04790000,-3.43562100
-3.18998409,388.45480000,-3.43562100
-3.18665009,388.45480000,-3.43562100
-3.18331609,388.45480000,-3.43562100
-3.17998209,383.86180000,-3.43562100
-3.17664809,379.26870000,-3.43562100
-3.17331409,374.67570000,-3.43562100
-3.16998009,374.67570000,-3.43562100
-3.16664609,374.67570000,-3.43562100
-3.16331209,374.67570000,-3.43562100
-3.15997809,370.08270000,-3.43562100
-3.15664409,365.48970000,-3.43562100
-3.15331009,365.48970000,-3.43562100
-3.14997609,365.48970000,-3.38984300
-3.14664209,365.48970000,-3.43562100
-3.14330809,370.08270000,-3.43562100
-3.13997409,365.48970000,-3.43562100
-3.13664009,370.08270000,-3.43562100
-3.13330609,374.67570000,-3.43562100
-3.12997209,374.67570000,-3.43562100
-3.12663809,374.67570000,-3.38984300
-3.12330409,374.67570000,-3.43562100
-3.11997009,374.67570000,-3.43562100
-3.11663609,374.67570000,-3.43562100
-3.11330209,379.26870000,-3.43562100
-3.10996809,379.26870000,-3.43562100
-3.10663409,374.67570000,-3.43562100
-3.10330009,374.67570000,-3.43562100
-3.09996609,374.67570000,-3.43562100
-3.09663209,374.67570000,-3.43562100
-3.09329809,370.08270000,-3.43562100
-3.08996409,365.48970000,-3.43562100
-3.08663009,365.48970000,-3.43562100
-3.08329609,365.48970000,-3.43562100
-3.07996209,360.89660000,-3.38984300
-3.07662809,356.30360000,-3.43562100
-3.07329409,356.30360000,-3.43562100
-3.06996009,351.71050000,-3.38984300
-3.06662609,351.71050000,-3.43562100
-3.06329209,351.71050000,-3.43562100
-3.05995809,351.71050000,-3.43562100
-3.05662409,351.71050000,-3.43562100
-3.05329009,351.71050000,-3.43562100
-3.04995609,351.71050000,-3.43562100
-3.04662209,351.71050000,-3.43562100
-3.04328809,351.71050000,-3.43562100
-3.03995409,356.30360000,-3.43562100
-3.03662009,356.30360000,-3.43562100
-3.03328609,356.30360000,-3.43562100
-3.02995209,356.30360000,-3.43562100
-3.02661809,356.30360000,-3.43562100
-3.02328409,356.30360000,-3.43562100
-3.01995009,356.30360000,-3.43562100
-3.01661609,356.30360000,-3.43562100
-3.01328209,356.30360000,-3.38984300
-3.00994809,356.30360000,-3.38984300
-3.00661409,356.30360000,-3.43562100
-3.00328009,356.30360000,-3.38984300
-2.99994609,351.71050000,-3.43562100
-2.99661209,347.11750000,-3.38984300
-2.99327809,347.11750000,-3.43562100
-2.98994409,347.11750000,-3.38984300
-2.98661009,342.52450000,-3.43562100
-2.98327609,337.93140000,-3.43562100
-2.97994209,337.93140000,-3.38984300
-2.97660809,337.93140000,-3.43562100
-2.97327409,337.93140000,-3.43562100
-2.96994009,337.93140000,-3.43562100
-2.96660609,337.93140000,-3.38984300
-2.96327209,337.93140000,-3.43562100
-2.95993809,337.93140000,-3.43562100
-2.95660409,337.93140000,-3.38984300
-2.95327009,342.52450000,-3.43562100
-2.94993609,342.52450000,-3.43562100
-2.94660209,342.52450000,-3.43562100
-2.94326809,347.11750000,-3.38984300
-2.93993409,347.11750000,-3.43562100
-2.93660009,347.11750000,-3.43562100
-2.93326609,347.11750000,-3.43562100
-2.92993209,347.11750000,-3.43562100
-2.92659809,351.71050000,-3.43562100
-2.92326409,347.11750000,-3.43562100
-2.91993009,347.11750000,-3.43562100
-2.91659609,347.11750000,-3.38984300
-2.91326209,337.93140000,-3.43562100
-2.90992809,337.93140000,-3.43562100
-2.90659409,337.93140000,-3.43562100
-2.90326009,337.93140000,-3.43562100
-2.89992609,337.93140000,-3.38984300
-2.89659209,333.33840000,-3.43562100
-2.89325809,333.33840000,-3.43562100
-2.88992409,333.33840000,-3.43562100
-2.88659009,328.74540000,-3.43562100
-2.88325609,328.74540000,-3.43562100
-2.87992209,328.74540000,-3.43562100
-2.87658809,324.15230000,-3.43562100
-2.87325409,328.74540000,-3.43562100
-2.86992009,328.74540000,-3.38984300
-2.86658609,328.74540000,-3.43562100
-2.86325209,328.74540000,-3.38984300
-2.85991809,328.74540000,-3.38984300
-2.85658409,333.33840000,-3.43562100
-2.85325009,333.33840000,-3.43562100
-2.84991609,333.33840000,-3.43562100
-2.84658209,337.93140000,-3.43562100
-2.84324809,337.93140000,-3.38984300
-2.83991409,337.93140000,-3.43562100
-2.83658009,333.33840000,-3.43562100
-2.83324609,333.33840000,-3.43562100
-2.82991209,337.93140000,-3.43562100
-2.82657809,333.33840000,-3.43562100
-2.82324409,333.33840000,-3.43562100
-2.81991009,333.33840000,-3.43562100
-2.81657609,328.74540000,-3.43562100
-2.81324209,328.74540000,-3.43562100
-2.80990809,319.55930000,-3.43562100
-2.80657409,324.15230000,-3.43562100
-2.80324009,319.55930000,-3.43562100
-2.79990609,319.55930000,-3.43562100
-2.79657209,319.55930000,-3.43562100
-2.79323809,319.55930000,-3.43562100
-2.78990409,319.55930000,-3.43562100
-2.78657009,319.55930000,-3.43562100
-2.78323609,319.55930000,-3.43562100
-2.77990209,319.55930000,-3.43562100
-2.77656809,319.55930000,-3.38984300
-2.77323409,319.55930000,-3.43562100
-2.76990009,319.55930000,-3.38984300
-2.76656609,324.15230000,-3.43562100
-2.76323209,328.74540000,-3.43562100
-2.75989809,328.74540000,-3.38984300
-2.75656409,328.74540000,-3.43562100
-2.75323009,324.15230000,-3.38984300
-2.74989609,328.74540000,-3.43562100
-2.74656209,328.74540000,-3.38984300
-2.74322809,328.74540000,-3.43562100
-2.73989409,333.33840000,-3.43562100
-2.73656009,328.74540000,-3.43562100
-2.73322609,324.15230000,-3.43562100
-2.72989209,328.74540000,-3.43562100
-2.72655809,324.15230000,-3.43562100
-2.72322409,324.15230000,-3.38984300
-2.71989009,324.15230000,-3.43562100
-2.71655609,319.55930000,-3.38984300
-2.71322209,319.55930000,-3.43562100
-2.70988809,319.55930000,-3.38984300
-2.70655409,319.55930000,-3.38984300
-2.70322009,314.96630000,-3.38984300
-2.69988609,319.55930000,-3.43562100
-2.69655209,319.55930000,-3.43562100
-2.69321809,319.55930000,-3.43562100
-2.68988409,324.15230000,-3.43562100
-2.68655009,319.55930000,-3.43562100
-2.68321609,319.55930000,-3.38984300
-2.67988209,324.15230000,-3.43562100
-2.67654809,328.74540000,-3.43562100
-2.67321409,328.74540000,-3.43562100
-2.66988009,328.74540000,-3.43562100
-2.66654609,333.33840000,-3.43562100
-2.66321209,333.33840000,-3.38984300
-2.65987809,337.93140000,-3.43562100
-2.65654409,333.33840000,-3.43562100
-2.65321009,333.33840000,-3.43562100
-2.64987609,333.33840000,-3.43562100
-2.64654209,333.33840000,-3.43562100
-2.64320809,333.33840000,-3.43562100
-2.63987409,333.33840000,-3.43562100
-2.63654009,328.74540000,-3.43562100
-2.63320609,319.55930000,-3.38984300
-2.62987209,324.15230000,-3.43562100
-2.62653809,324.15230000,-3.43562100
-2.62320409,319.55930000,-3.43562100
-2.61987009,319.55930000,-3.43562100
-2.61653609,314.96630000,-3.43562100
-2.61320209,319.55930000,-3.43562100
-2.60986809,314.96630000,-3.43562100
-2.60653409,314.96630000,-3.43562100
-2.60320009,314.96630000,-3.43562100
-2.59986609,310.38850000,-3.43562100
-2.59653209,310.38850000,-3.43562100
-2.59319809,314.96630000,-3.43562100
-2.58986409,319.55930000,-3.43562100
-2.58653009,319.55930000,-3.43562100
-2.58319609,314.96630000,-3.43562100
-2.57986209,319.55930000,-3.43562100
-2.57652809,319.55930000,-3.43562100
-2.57319409,319.55930000,-3.43562100
-2.56986009,319.55930000,-3.43562100
-2.56652609,319.55930000,-3.38984300
-2.56319209,319.55930000,-3.43562100
-2.55985809,319.55930000,-3.43562100
-2.55652409,319.55930000,-3.38984300
-2.55319009,319.55930000,-3.43562100
-2.54985609,314.96630000,-3.43562100
-2.54652209,314.96630000,-3.43562100
-2.54318809,314.96630000,-3.43562100
-2.53985409,314.96630000,-3.43562100
-2.53652009,310.38850000,-3.43562100
-2.53318609,310.38850000,-3.43562100
-2.52985209,310.38850000,-3.38984300
-2.52651809,305.79540000,-3.43562100
-2.52318409,305.79540000,-3.38984300
-2.51985009,305.79540000,-3.43562100
-2.51651609,305.79540000,-3.43562100
-2.51318209,305.79540000,-3.43562100
-2.50984809,310.38850000,-3.43562100
-2.50651409,310.38850000,-3.43562100
-2.50318009,310.38850000,-3.43562100
-2.49984609,310.38850000,-3.43562100
-2.49651209,310.38850000,-3.43562100
-2.49317809,314.96630000,-3.43562100
-2.48984409,319.55930000,-3.43562100
-2.48651009,319.55930000,-3.43562100
-2.48317609,319.55930000,-3.43562100
-2.47984209,319.55930000,-3.43562100
-2.47650809,319.55930000,-3.43562100
-2.47317409,319.55930000,-3.38984300
-2.46984009,319.55930000,-3.43562100
-2.46650609,319.55930000,-3.43562100
-2.46317209,319.55930000,-3.43562100
-2.45983809,314.96630000,-3.43562100
-2.45650409,314.96630000,-3.43562100
-2.45317009,314.96630000,-3.43562100
-2.44983609,310.38850000,-3.43562100
-2.44650209,305.79540000,-3.43562100
-2.44316809,305.79540000,-3.43562100
-2.43983409,301.20240000,-3.43562100
-2.43650009,305.79540000,-3.43562100
-2.43316609,301.20240000,-3.43562100
-2.42983209,301.20240000,-3.43562100
-2.42649809,301.20240000,-3.43562100
-2.42316409,301.20240000,-3.43562100
-2.41983009,301.20240000,-3.43562100
-2.41649609,301.20240000,-3.43562100
-2.41316209,301.20240000,-3.43562100
-2.40982809,301.20240000,-3.43562100
-2.40649409,305.79540000,-3.43562100
-2.40316009,305.79540000,-3.38984300
-2.39982609,310.38850000,-3.43562100
-2.39649209,305.79540000,-3.43562100
-2.39315809,305.79540000,-3.43562100
-2.38982409,305.79540000,-3.43562100
-2.38649009,305.79540000,-3.43562100
-2.38315609,310.38850000,-3.43562100
-2.37982209,305.79540000,-3.43562100
-2.37648809,305.79540000,-3.43562100
-2.37315409,301.20240000,-3.43562100
-2.36982009,301.20240000,-3.43562100
-2.36648609,301.20240000,-3.38984300
-2.36315209,296.60940000,-3.43562100
-2.35981809,296.60940000,-3.43562100
-2.35648409,292.01630000,-3.38984300
-2.35315009,292.01630000,-3.43562100
-2.34981609,292.01630000,-3.43562100
-2.34648209,287.42330000,-3.43562100
-2.34314809,282.83030000,-3.43562100
-2.33981409,287.42330000,-3.38984300
-2.33648009,282.83030000,-3.43562100
-2.33314609,287.42330000,-3.43562100
-2.32981209,287.42330000,-3.38984300
-2.32647809,292.01630000,-3.43562100
-2.32314409,287.42330000,-3.43562100
-2.31981009,287.42330000,-3.43562100
-2.31647609,287.42330000,-3.43562100
-2.31314209,292.01630000,-3.38984300
-2.30980809,292.01630000,-3.43562100
-2.30647409,292.01630000,-3.43562100
-2.30314009,296.60940000,-3.43562100
-2.29980609,296.60940000,-3.43562100
-2.29647209,292.01630000,-3.38984300
-2.29313809,292.01630000,-3.38984300
-2.28980409,292.01630000,-3.43562100
-2.28647009,292.01630000,-3.38984300
-2.28313609,292.01630000,-3.43562100
-2.27980209,287.42330000,-3.38984300
-2.27646809,292.01630000,-3.43562100
-2.27313409,287.42330000,-3.43562100
-2.26980009,282.83030000,-3.43562100
-2.26646609,282.83030000,-3.43562100
-2.26313209,282.83030000,-3.43562100
-2.25979809,278.23720000,-3.38984300
-2.25646409,278.23720000,-3.43562100
-2.25313009,278.23720000,-3.43562100
-2.24979609,278.23720000,-3.43562100
-2.24646209,278.23720000,-3.38984300
-2.24312809,278.23720000,-3.43562100
-2.23979409,278.23720000,-3.43562100
-2.23646009,278.23720000,-3.38984300
-2.23312609,282.83030000,-3.38984300
-2.22979209,282.83030000,-3.43562100
-2.22645809,292.01630000,-3.43562100
-2.22312408,292.01630000,-3.43562100
-2.21979008,292.01630000,-3.43562100
-2.21645608,292.01630000,-3.43562100
-2.21312208,296.60940000,-3.43562100
-2.20978808,292.01630000,-3.43562100
-2.20645408,296.60940000,-3.43562100
-2.20312008,296.60940000,-3.43562100
-2.19978608,296.60940000,-3.43562100
-2.19645208,296.60940000,-3.43562100
-2.19311808,296.60940000,-3.43562100
-2.18978408,292.01630000,-3.43562100
-2.18645008,287.42330000,-3.43562100
-2.18311608,287.42330000,-3.43562100
-2.17978208,287.42330000,-3.43562100
-2.17644808,287.42330000,-3.43562100
-2.17311408,287.42330000,-3.43562100
-2.16978008,282.83030000,-3.38984300
-2.16644608,282.83030000,-3.43562100
-2.16311208,282.83030000,-3.43562100
-2.15977808,282.83030000,-3.43562100
-2.15644408,282.83030000,-3.43562100
-2.15311008,282.83030000,-3.38984300
-2.14977608,282.83030000,-3.38984300
-2.14644208,287.42330000,-3.43562100
-2.14310808,292.01630000,-3.43562100
-2.13977408,292.01630000,-3.43562100
-2.13644008,292.01630000,-3.43562100
-2.13310608,296.60940000,-3.43562100
-2.12977208,296.60940000,-3.43562100
-2.12643808,301.20240000,-3.43562100
-2.12310408,301.20240000,-3.43562100
-2.11977008,301.20240000,-3.43562100
-2.11643608,301.20240000,-3.43562100
-2.11310208,301.20240000,-3.43562100
-2.10976808,301.20240000,-3.43562100
-2.10643408,301.20240000,-3.43562100
-2.10310008,301.20240000,-3.43562100
-2.09976608,301.20240000,-3.43562100
-2.09643208,301.20240000,-3.43562100
-2.09309808,301.20240000,-3.43562100
-2.08976408,301.20240000,-3.43562100
-2.08643008,301.20240000,-3.43562100
-2.08309608,296.60940000,-3.43562100
-2.07976208,296.60940000,-3.43562100
-2.07642808,296.60940000,-3.43562100
-2.07309408,296.60940000,-3.43562100
-2.06976008,296.60940000,-3.43562100
-2.06642608,296.60940000,-3.38984300
-2.06309208,301.20240000,-3.43562100
-2.05975808,301.20240000,-3.43562100
-2.05642408,301.20240000,-3.43562100
-2.05309008,301.20240000,-3.43562100
-2.04975608,301.20240000,-3.38984300
-2.04642208,310.38850000,-3.43562100
-2.04308808,310.38850000,-3.38984300
-2.03975408,310.38850000,-3.43562100
-2.03642008,314.96630000,-3.43562100
-2.03308608,314.96630000,-3.38984300
-2.02975208,319.55930000,-3.38984300
-2.02641808,319.55930000,-3.43562100
-2.02308408,319.55930000,-3.43562100
-2.01975008,319.55930000,-3.43562100
-2.01641608,319.55930000,-3.43562100
-2.01308208,319.55930000,-3.43562100
-2.00974808,319.55930000,-3.43562100
-2.00641408,314.96630000,-3.43562100
-2.00308008,314.96630000,-3.43562100
-1.99974608,310.38850000,-3.43562100
-1.99641208,314.96630000,-3.43562100
-1.99307808,314.96630000,-3.43562100
-1.98974408,310.38850000,-3.43562100
-1.98641008,314.96630000,-3.43562100
-1.98307608,310.38850000,-3.38984300
-1.97974208,310.38850000,-3.43562100
-1.97640808,310.38850000,-3.43562100
-1.97307408,310.38850000,-3.43562100
-1.96974008,314.96630000,-3.43562100
-1.96640608,314.96630000,-3.43562100
-1.96307208,319.55930000,-3.38984300
-1.95973808,319.55930000,-3.43562100
-1.95640408,319.55930000,-3.43562100
-1.95307008,319.55930000,-3.43562100
-1.94973608,324.15230000,-3.43562100
-1.94640208,328.74540000,-3.43562100
-1.94306808,328.74540000,-3.43562100
-1.93973408,328.74540000,-3.43562100
-1.93640008,328.74540000,-3.43562100
-1.93306608,328.74540000,-3.38984300
-1.92973208,328.74540000,-3.43562100
-1.92639808,328.74540000,-3.43562100
-1.92306408,328.74540000,-3.43562100
-1.91973008,324.15230000,-3.43562100
-1.91639608,324.15230000,-3.43562100
-1.91306208,328.74540000,-3.43562100
-1.90972808,324.15230000,-3.38984300
-1.90639408,319.55930000,-3.43562100
-1.90306008,319.55930000,-3.43562100
-1.89972608,319.55930000,-3.43562100
-1.89639208,314.96630000,-3.38984300
-1.89305808,314.96630000,-3.38984300
-1.88972408,314.96630000,-3.43562100
-1.88639008,319.55930000,-3.43562100
-1.88305608,319.55930000,-3.43562100
-1.87972208,314.96630000,-3.43562100
-1.87638808,314.96630000,-3.43562100
-1.87305408,314.96630000,-3.38984300
-1.86972008,319.55930000,-3.43562100
-1.86638608,319.55930000,-3.43562100
-1.86305208,324.15230000,-3.43562100
-1.85971808,324.15230000,-3.43562100
-1.85638408,324.15230000,-3.38984300
-1.85305008,324.15230000,-3.43562100
-1.84971608,328.74540000,-3.43562100
-1.84638208,324.15230000,-3.43562100
-1.84304808,319.55930000,-3.43562100
-1.83971408,324.15230000,-3.43562100
-1.83638008,319.55930000,-3.43562100
-1.83304608,319.55930000,-3.38984300
-1.82971208,319.55930000,-3.43562100
-1.82637808,319.55930000,-3.38984300
-1.82304408,314.96630000,-3.38984300
-1.81971008,314.96630000,-3.43562100
-1.81637608,310.38850000,-3.38984300
-1.81304208,310.38850000,-3.43562100
-1.80970808,310.38850000,-3.43562100
-1.80637408,305.79540000,-3.38984300
-1.80304008,305.79540000,-3.38984300
-1.79970608,310.38850000,-3.43562100
-1.79637208,301.20240000,-3.43562100
-1.79303808,301.20240000,-3.43562100
-1.78970408,301.20240000,-3.43562100
-1.78637008,301.20240000,-3.38984300
-1.78303608,305.79540000,-3.43562100
-1.77970208,310.38850000,-3.43562100
-1.77636808,310.38850000,-3.38984300
-1.77303408,310.38850000,-3.43562100
-1.76970008,310.38850000,-3.38984300
-1.76636608,314.96630000,-3.43562100
-1.76303208,310.38850000,-3.43562100
-1.75969808,314.96630000,-3.43562100
-1.75636408,319.55930000,-3.38984300
-1.75303008,319.55930000,-3.43562100
-1.74969608,319.55930000,-3.43562100
-1.74636208,319.55930000,-3.38984300
-1.74302808,314.96630000,-3.43562100
-1.73969408,314.96630000,-3.43562100
-1.73636008,310.38850000,-3.43562100
-1.73302608,310.38850000,-3.43562100
-1.72969208,314.96630000,-3.43562100
-1.72635808,310.38850000,-3.43562100
-1.72302408,305.79540000,-3.43562100
-1.71969008,301.20240000,-3.43562100
-1.71635608,301.20240000,-3.43562100
-1.71302208,301.20240000,-3.38984300
-1.70968808,301.20240000,-3.43562100
-1.70635408,301.20240000,-3.43562100
-1.70302008,301.20240000,-3.43562100
-1.69968608,305.79540000,-3.43562100
-1.69635208,301.20240000,-3.43562100
-1.69301808,305.79540000,-3.43562100
-1.68968408,310.38850000,-3.43562100
-1.68635008,305.79540000,-3.38984300
-1.68301608,310.38850000,-3.43562100
-1.67968208,314.96630000,-3.43562100
-1.67634808,319.55930000,-3.43562100
-1.67301408,319.55930000,-3.43562100
-1.66968008,319.55930000,-3.43562100
-1.66634608,319.55930000,-3.43562100
-1.66301208,319.55930000,-3.43562100
-1.65967808,319.55930000,-3.43562100
-1.65634408,319.55930000,-3.43562100
-1.65301008,319.55930000,-3.43562100
-1.64967608,319.55930000,-3.38984300
-1.64634208,319.55930000,-3.43562100
-1.64300808,319.55930000,-3.43562100
-1.63967408,319.55930000,-3.38984300
-1.63634008,319.55930000,-3.43562100
-1.63300608,319.55930000,-3.43562100
-1.62967208,319.55930000,-3.43562100
-1.62633808,319.55930000,-3.43562100
-1.62300408,319.55930000,-3.43562100
-1.61967008,314.96630000,-3.43562100
-1.61633608,314.96630000,-3.43562100
-1.61300208,314.96630000,-3.43562100
-1.60966808,319.55930000,-3.43562100
-1.60633408,319.55930000,-3.43562100
-1.60300008,319.55930000,-3.43562100
-1.59966608,324.15230000,-3.43562100
-1.59633208,319.55930000,-3.43562100
-1.59299808,324.15230000,-3.43562100
-1.58966408,328.74540000,-3.43562100
-1.58633008,328.74540000,-3.43562100
-1.58299608,328.74540000,-3.43562100
-1.57966208,333.33840000,-3.43562100
-1.57632808,333.33840000,-3.43562100
-1.57299408,337.93140000,-3.43562100
-1.56966008,337.93140000,-3.43562100
-1.56632608,337.93140000,-3.43562100
-1.56299208,333.33840000,-3.43562100
-1.55965808,333.33840000,-3.43562100
-1.55632408,337.93140000,-3.43562100
-1.55299008,333.33840000,-3.38984300
-1.54965608,337.93140000,-3.43562100
-1.54632208,333.33840000,-3.43562100
-1.54298808,328.74540000,-3.38984300
-1.53965408,328.74540000,-3.43562100
-1.53632008,328.74540000,-3.43562100
-1.53298608,328.74540000,-3.43562100
-1.52965208,328.74540000,-3.43562100
-1.52631808,328.74540000,-3.43562100
-1.52298408,333.33840000,-3.43562100
-1.51965008,333.33840000,-3.38984300
-1.51631608,333.33840000,-3.38984300
-1.51298208,337.93140000,-3.43562100
-1.50964808,337.93140000,-3.43562100
-1.50631408,337.93140000,-3.43562100
-1.50298008,342.52450000,-3.43562100
-1.49964608,347.11750000,-3.43562100
-1.49631208,347.11750000,-3.43562100
-1.49297808,347.11750000,-3.43562100
-1.48964408,356.30360000,-3.43562100
-1.48631008,356.30360000,-3.43562100
-1.48297608,356.30360000,-3.43562100
-1.47964208,356.30360000,-3.38984300
-1.47630808,356.30360000,-3.43562100
-1.47297408,356.30360000,-3.43562100
-1.46964008,356.30360000,-3.43562100
-1.46630608,356.30360000,-3.43562100
-1.46297208,356.30360000,-3.38984300
-1.45963808,356.30360000,-3.43562100
-1.45630408,356.30360000,-3.43562100
-1.45297008,356.30360000,-3.43562100
-1.44963608,356.30360000,-3.43562100
-1.44630208,356.30360000,-3.43562100
-1.44296808,356.30360000,-3.43562100
-1.43963408,356.30360000,-3.43562100
-1.43630008,360.89660000,-3.43562100
-1.43296608,360.89660000,-3.43562100
-1.42963208,360.89660000,-3.43562100
-1.42629808,360.89660000,-3.43562100
-1.42296408,365.48970000,-3.43562100
-1.41963008,365.48970000,-3.38984300
-1.41629608,374.67570000,-3.43562100
-1.41296208,374.67570000,-3.38984300
-1.40962808,374.67570000,-3.38984300
-1.40629408,374.67570000,-3.43562100
-1.40296008,379.26870000,-3.43562100
-1.39962608,383.86180000,-3.43562100
-1.39629208,383.86180000,-3.43562100
-1.39295808,383.86180000,-3.38984300
-1.38962408,383.86180000,-3.43562100
-1.38629008,388.45480000,-3.43562100
-1.38295608,388.45480000,-3.38984300
-1.37962208,383.86180000,-3.43562100
-1.37628808,383.86180000,-3.38984300
-1.37295408,383.86180000,-3.43562100
-1.36962008,383.86180000,-3.38984300
-1.36628608,388.45480000,-3.43562100
-1.36295208,383.86180000,-3.43562100
-1.35961808,383.86180000,-3.38984300
-1.35628408,379.26870000,-3.38984300
-1.35295008,379.26870000,-3.43562100
-1.34961608,379.26870000,-3.43562100
-1.34628208,379.26870000,-3.43562100
-1.34294808,379.26870000,-3.38984300
-1.33961408,383.86180000,-3.43562100
-1.33628008,383.86180000,-3.38984300
-1.33294608,383.86180000,-3.43562100
-1.32961208,383.86180000,-3.38984300
-1.32627808,383.86180000,-3.43562100
-1.32294408,383.86180000,-3.43562100
-1.31961008,388.45480000,-3.43562100
-1.31627608,393.04790000,-3.38984300
-1.31294208,393.04790000,-3.43562100
-1.30960808,393.04790000,-3.43562100
-1.30627408,397.64090000,-3.38984300
-1.30294008,397.64090000,-3.43562100
-1.29960608,393.04790000,-3.43562100
-1.29627208,393.04790000,-3.43562100
-1.29293808,393.04790000,-3.38984300
-1.28960408,393.04790000,-3.43562100
-1.28627008,393.04790000,-3.43562100
-1.28293608,393.04790000,-3.43562100
-1.27960208,393.04790000,-3.43562100
-1.27626808,388.45480000,-3.43562100
-1.27293408,388.45480000,-3.38984300
-1.26960008,388.45480000,-3.43562100
-1.26626608,388.45480000,-3.43562100
-1.26293208,388.45480000,-3.43562100
-1.25959808,388.45480000,-3.38984300
-1.25626408,383.86180000,-3.38984300
-1.25293008,383.86180000,-3.43562100
-1.24959608,383.86180000,-3.38984300
-1.24626208,383.86180000,-3.43562100
-1.24292808,383.86180000,-3.43562100
-1.23959408,388.45480000,-3.38984300
-1.23626008,393.04790000,-3.43562100
-1.23292608,393.04790000,-3.43562100
-1.22959208,393.04790000,-3.43562100
-1.22625808,397.64090000,-3.43562100
-1.22292408,393.04790000,-3.43562100
-1.21959008,397.64090000,-3.43562100
-1.21625608,397.64090000,-3.43562100
-1.21292208,402.23390000,-3.38984300
-1.20958808,402.23390000,-3.43562100
-1.20625408,402.23390000,-3.43562100
-1.20292008,397.64090000,-3.43562100
-1.19958608,397.64090000,-3.43562100
-1.19625208,397.64090000,-3.38984300
-1.19291808,393.04790000,-3.43562100
-1.18958408,393.04790000,-3.43562100
-1.18625008,397.64090000,-3.43562100
-1.18291608,393.04790000,-3.43562100
-1.17958208,393.04790000,-3.38984300
-1.17624808,393.04790000,-3.43562100
-1.17291408,388.45480000,-3.43562100
-1.16958008,388.45480000,-3.43562100
-1.16624608,388.45480000,-3.43562100
-1.16291208,388.45480000,-3.43562100
-1.15957808,393.04790000,-3.43562100
-1.15624408,393.04790000,-3.38984300
-1.15291008,393.04790000,-3.43562100
-1.14957608,393.04790000,-3.43562100
-1.14624208,393.04790000,-3.43562100
-1.14290808,393.04790000,-3.43562100
-1.13957408,393.04790000,-3.43562100
-1.13624008,397.64090000,-3.43562100
-1.13290608,397.64090000,-3.43562100
-1.12957208,397.64090000,-3.43562100
-1.12623808,402.23390000,-3.43562100
-1.12290408,402.23390000,-3.38984300
-1.11957008,397.64090000,-3.43562100
-1.11623608,397.64090000,-3.43562100
-1.11290208,393.04790000,-3.38984300
-1.10956808,393.04790000,-3.38984300
-1.10623408,393.04790000,-3.38984300
-1.10290008,393.04790000,-3.43562100
-1.09956608,393.04790000,-3.43562100
-1.09623208,383.86180000,-3.43562100
-1.09289808,383.86180000,-3.43562100
-1.08956408,383.86180000,-3.38984300
-1.08623008,383.86180000,-3.43562100
-1.08289608,379.26870000,-3.43562100
-1.07956208,374.67570000,-3.38984300
-1.07622808,383.86180000,-3.43562100
-1.07289408,383.86180000,-3.43562100
-1.06956008,379.26870000,-3.43562100
-1.06622608,379.26870000,-3.43562100
-1.06289208,379.26870000,-3.43562100
-1.05955808,383.86180000,-3.43562100
-1.05622408,383.86180000,-3.38984300
-1.05289008,388.45480000,-3.38984300
-1.04955608,388.45480000,-3.43562100
-1.04622208,388.45480000,-3.43562100
-1.04288808,383.86180000,-3.43562100
-1.03955408,388.45480000,-3.43562100
-1.03622008,388.45480000,-3.43562100
-1.03288608,388.45480000,-3.43562100
-1.02955208,383.86180000,-3.38984300
-1.02621808,388.45480000,-3.43562100
-1.02288408,388.45480000,-3.43562100
-1.01955008,383.86180000,-3.43562100
-1.01621608,379.26870000,-3.43562100
-1.01288208,379.26870000,-3.38984300
-1.00954808,374.67570000,-3.43562100
-1.00621408,374.67570000,-3.43562100
-1.00288008,374.67570000,-3.43562100
-0.99954608,370.08270000,-3.43562100
-0.99621208,370.08270000,-3.43562100
-0.99287808,365.48970000,-3.38984300
-0.98954408,365.48970000,-3.43562100
-0.98621008,360.89660000,-3.43562100
-0.98287608,365.48970000,-3.43562100
-0.97954208,365.48970000,-3.43562100
-0.97620808,365.48970000,-3.43562100
-0.97287408,365.48970000,-3.43562100
-0.96954008,365.48970000,-3.43562100
-0.96620608,365.48970000,-3.43562100
-0.96287208,370.08270000,-3.38984300
-0.95953808,370.08270000,-3.38984300
-0.95620408,370.08270000,-3.43562100
-0.95287008,374.67570000,-3.43562100
-0.94953608,374.67570000,-3.43562100
-0.94620208,374.67570000,-3.43562100
-0.94286808,374.67570000,-3.43562100
-0.93953408,370.08270000,-3.43562100
-0.93620008,365.48970000,-3.43562100
-0.93286608,370.08270000,-3.43562100
-0.92953208,365.48970000,-3.43562100
-0.92619808,365.48970000,-3.43562100
-0.92286408,365.48970000,-3.43562100
-0.91953008,365.48970000,-3.43562100
-0.91619608,356.30360000,-3.43562100
-0.91286208,356.30360000,-3.38984300
-0.90952808,356.30360000,-3.38984300
-0.90619408,356.30360000,-3.38984300
-0.90286008,356.30360000,-3.43562100
-0.89952608,351.71050000,-3.43562100
-0.89619208,347.11750000,-3.43562100
-0.89285808,351.71050000,-3.38984300
-0.88952408,351.71050000,-3.43562100
-0.88619008,351.71050000,-3.43562100
-0.88285608,351.71050000,-3.38984300
-0.87952208,351.71050000,-3.38984300
-0.87618808,351.71050000,-3.43562100
-0.87285408,356.30360000,-3.43562100
-0.86952008,356.30360000,-3.38984300
-0.86618608,356.30360000,-3.43562100
-0.86285208,356.30360000,-3.43562100
-0.85951808,356.30360000,-3.43562100
-0.85618408,356.30360000,-3.43562100
-0.85285008,356.30360000,-3.43562100
-0.84951608,356.30360000,-3.43562100
-0.84618208,356.30360000,-3.38984300
-0.84284808,356.30360000,-3.43562100
-0.83951408,351.71050000,-3.43562100
-0.83618008,347.11750000,-3.43562100
-0.83284608,347.11750000,-3.38984300
-0.82951208,342.52450000,-3.38984300
-0.82617808,342.52450000,-3.43562100
-0.82284408,342.52450000,-3.43562100
-0.81951008,337.93140000,-3.43562100
-0.81617608,337.93140000,-3.43562100
-0.81284208,333.33840000,-3.38984300
-0.80950808,337.93140000,-3.38984300
-0.80617408,333.33840000,-3.43562100
-0.80284008,333.33840000,-3.43562100
-0.79950608,337.93140000,-3.43562100
-0.79617208,337.93140000,-3.43562100
-0.79283808,337.93140000,-3.43562100
-0.78950408,337.93140000,-3.43562100
-0.78617008,337.93140000,-3.43562100
-0.78283608,337.93140000,-3.43562100
-0.77950208,337.93140000,-3.43562100
-0.77616808,337.93140000,-3.43562100
-0.77283408,342.52450000,-3.43562100
-0.76950008,337.93140000,-3.38984300
-0.76616608,337.93140000,-3.38984300
-0.76283208,337.93140000,-3.43562100
-0.75949808,347.11750000,-3.43562100
-0.75616408,337.93140000,-3.43562100
-0.75283008,337.93140000,-3.43562100
-0.74949608,333.33840000,-3.38984300
-0.74616208,328.74540000,-3.38984300
-0.74282808,328.74540000,-3.38984300
-0.73949408,328.74540000,-3.38984300
-0.73616008,319.55930000,-3.38984300
-0.73282608,319.55930000,-3.43562100
-0.72949208,319.55930000,-3.43562100
-0.72615808,319.55930000,-3.43562100
-0.72282408,314.96630000,-3.43562100
-0.71949008,314.96630000,-3.43562100
-0.71615608,310.38850000,-3.43562100
-0.71282208,314.96630000,-3.38984300
-0.70948808,314.96630000,-3.43562100
-0.70615408,310.38850000,-3.43562100
-0.70282008,314.96630000,-3.43562100
-0.69948608,314.96630000,-3.43562100
-0.69615208,314.96630000,-3.43562100
-0.69281808,319.55930000,-3.38984300
-0.68948408,319.55930000,-3.43562100
-0.68615008,319.55930000,-3.43562100
-0.68281608,319.55930000,-3.43562100
-0.67948208,319.55930000,-3.43562100
-0.67614808,319.55930000,-3.43562100
-0.67281408,319.55930000,-3.43562100
-0.66948008,324.15230000,-3.43562100
-0.66614608,319.55930000,-3.38984300
-0.66281208,319.55930000,-3.38984300
-0.65947808,319.55930000,-3.43562100
-0.65614408,314.96630000,-3.38984300
-0.65281008,314.96630000,-3.43562100
-0.64947608,310.38850000,-3.43562100
-0.64614208,305.79540000,-3.38984300
-0.64280808,305.79540000,-3.43562100
-0.63947408,305.79540000,-3.43562100
-0.63614008,301.20240000,-3.43562100
-0.63280608,301.20240000,-3.43562100
-0.62947208,301.20240000,-3.43562100
-0.62613808,301.20240000,-3.43562100
-0.62280408,296.60940000,-3.43562100
-0.61947008,301.20240000,-3.43562100
-0.61613608,296.60940000,-3.43562100
-0.61280208,301.20240000,-3.43562100
-0.60946808,301.20240000,-3.43562100
-0.60613408,301.20240000,-3.43562100
-0.60280008,301.20240000,-3.43562100
-0.59946608,305.79540000,-3.38984300
-0.59613208,301.20240000,-3.43562100
-0.59279808,305.79540000,-3.43562100
-0.58946408,310.38850000,-3.43562100
-0.58613008,314.96630000,-3.38984300
-0.58279608,310.38850000,-3.43562100
-0.57946208,310.38850000,-3.38984300
-0.57612808,310.38850000,-3.38984300
-0.57279408,310.38850000,-3.43562100
-0.56946008,305.79540000,-3.43562100
-0.56612608,305.79540000,-3.43562100
-0.56279208,301.20240000,-3.38984300
-0.55945808,301.20240000,-3.43562100
-0.55612408,301.20240000,-3.43562100
-0.55279008,301.20240000,-3.43562100
-0.54945608,296.60940000,-3.43562100
-0.54612208,292.01630000,-3.43562100
-0.54278808,292.01630000,-3.38984300
-0.53945408,292.01630000,-3.43562100
-0.53612008,292.01630000,-3.38984300
-0.53278608,292.01630000,-3.43562100
-0.52945208,292.01630000,-3.38984300
-0.52611808,292.01630000,-3.43562100
-0.52278408,296.60940000,-3.43562100
-0.51945008,296.60940000,-3.43562100
-0.51611608,296.60940000,-3.43562100
-0.51278208,301.20240000,-3.43562100
-0.50944808,305.79540000,-3.43562100
-0.50611408,301.20240000,-3.43562100
-0.50278008,301.20240000,-3.38984300
-0.49944608,310.38850000,-3.38984300
-0.49611208,310.38850000,-3.43562100
-0.49277808,305.79540000,-3.38984300
-0.48944408,310.38850000,-3.43562100
-0.48611008,310.38850000,-3.43562100
-0.48277608,305.79540000,-3.38984300
-0.47944208,305.79540000,-3.43562100
-0.47610808,305.79540000,-3.43562100
-0.47277408,301.20240000,-3.43562100
-0.46944008,301.20240000,-3.38984300
-0.46610608,301.20240000,-3.38984300
-0.46277208,301.20240000,-3.38984300
-0.45943808,301.20240000,-3.38984300
-0.45610408,296.60940000,-3.43562100
-0.45277008,296.60940000,-3.38984300
-0.44943608,301.20240000,-3.38984300
-0.44610208,301.20240000,-3.38984300
-0.44276808,301.20240000,-3.38984300
-0.43943408,301.20240000,-3.43562100
-0.43610008,301.20240000,-3.43562100
-0.43276608,301.20240000,-3.43562100
-0.42943208,301.20240000,-3.43562100
-0.42609808,305.79540000,-3.43562100
-0.42276408,310.38850000,-3.38984300
-0.41943008,310.38850000,-3.43562100
-0.41609608,310.38850000,-3.43562100
-0.41276208,314.96630000,-3.43562100
-0.40942808,319.55930000,-3.43562100
-0.40609408,314.96630000,-3.38984300
-0.40276008,314.96630000,-3.38984300
-0.39942608,319.55930000,-3.43562100
-0.39609208,319.55930000,-3.43562100
-0.39275808,314.96630000,-3.43562100
-0.38942408,314.96630000,-3.43562100
-0.38609008,310.38850000,-3.43562100
-0.38275608,310.38850000,-3.43562100
-0.37942208,310.38850000,-3.43562100
-0.37608808,310.38850000,-3.38984300
-0.37275408,305.79540000,-3.43562100
-0.36942008,301.20240000,-3.43562100
-0.36608608,301.20240000,-3.43562100
-0.36275208,301.20240000,-3.43562100
-0.35941808,301.20240000,-3.43562100
-0.35608408,301.20240000,-3.38984300
-0.35275008,301.20240000,-3.43562100
-0.34941608,305.79540000,-3.43562100
-0.34608208,310.38850000,-3.43562100
-0.34274808,310.38850000,-3.43562100
-0.33941408,305.79540000,-3.43562100
-0.33608008,310.38850000,-3.38984300
-0.33274608,310.38850000,-3.43562100
-0.32941208,310.38850000,-3.38984300
-0.32607808,314.96630000,-3.43562100
-0.32274408,314.96630000,-3.38984300
-0.31941008,314.96630000,-3.43562100
-0.31607608,314.96630000,-3.38984300
-0.31274208,314.96630000,-3.43562100
-0.30940808,314.96630000,-3.43562100
-0.30607408,314.96630000,-3.38984300
-0.30274008,310.38850000,-3.43562100
-0.29940608,310.38850000,-3.43562100
-0.29607208,310.38850000,-3.43562100
-0.29273808,310.38850000,-3.38984300
-0.28940408,305.79540000,-3.43562100
-0.28607008,301.20240000,-3.43562100
-0.28273608,301.20240000,-3.38984300
-0.27940208,301.20240000,-3.43562100
-0.27606808,301.20240000,-3.38984300
-0.27273408,296.60940000,-3.43562100
-0.26940008,296.60940000,-3.38984300
-0.26606608,296.60940000,-3.43562100
-0.26273208,296.60940000,-3.43562100
-0.25939808,296.60940000,-3.43562100
-0.25606408,292.01630000,-3.43562100
-0.25273008,296.60940000,-3.38984300
-0.24939608,301.20240000,-3.43562100
-0.24606208,301.20240000,-3.43562100
-0.24272808,301.20240000,-3.43562100
-0.23939408,301.20240000,-3.43562100
-0.23606008,301.20240000,-3.38984300
-0.23272608,301.20240000,-3.43562100
-0.22939208,305.79540000,-3.43562100
-0.22605808,305.79540000,-3.43562100
-0.22272408,310.38850000,-3.43562100
-0.21939008,310.38850000,-3.38984300
-0.21605608,305.79540000,-3.43562100
-0.21272208,305.79540000,-3.43562100
-0.20938808,301.20240000,-3.43562100
-0.20605408,301.20240000,-3.43562100
-0.20272008,301.20240000,-3.38984300
-0.19938608,301.20240000,-3.43562100
-0.19605208,301.20240000,-3.43562100
-0.19271808,296.60940000,-3.43562100
-0.18938408,296.60940000,-3.43562100
-0.18605008,301.20240000,-3.43562100
-0.18271608,301.20240000,-3.43562100
-0.17938208,296.60940000,-3.43562100
-0.17604808,296.60940000,-3.43562100
-0.17271408,296.60940000,-3.38984300
-0.16938008,301.20240000,-3.43562100
-0.16604608,301.20240000,-3.43562100
-0.16271208,301.20240000,-3.43562100
-0.15937808,301.20240000,-3.43562100
-0.15604408,301.20240000,-3.38984300
-0.15271008,301.20240000,-3.43562100
-0.14937608,301.20240000,-3.43562100
-0.14604208,305.79540000,-3.38984300
-0.14270808,305.79540000,-3.43562100
-0.13937408,305.79540000,-3.43562100
-0.13604008,310.38850000,-3.43562100
-0.13270608,310.38850000,-3.38984300
-0.12937208,310.38850000,-3.43562100
-0.12603808,305.79540000,-3.38984300
-0.12270408,305.79540000,-3.43562100
-0.11937008,301.20240000,-3.43562100
-0.11603608,301.20240000,-3.43562100
-0.11270208,301.20240000,-3.43562100
-0.10936808,301.20240000,-3.43562100
-0.10603408,301.20240000,-3.38984300
-0.10270008,296.60940000,-3.43562100
-0.09936608,296.60940000,-3.38984300
-0.09603208,296.60940000,-3.43562100
-0.09269808,292.01630000,-3.43562100
-0.08936408,292.01630000,-3.43562100
-0.08603008,292.01630000,-3.38984300
-0.08269608,296.60940000,-3.43562100
-0.07936208,292.01630000,-3.43562100
-0.07602808,292.01630000,-3.43562100
-0.07269408,292.01630000,-3.38984300
-0.06936008,292.01630000,-3.43562100
-0.06602608,296.60940000,-3.43562100
-0.06269208,296.60940000,-3.38984300
-0.05935808,301.20240000,-3.38984300
-0.05602408,301.20240000,-3.38984300
-0.05269008,301.20240000,-3.43562100
-0.04935608,301.20240000,-3.43562100
-0.04602208,301.20240000,-3.43562100
-0.04268808,301.20240000,-3.43562100
-0.03935408,301.20240000,-3.43562100
-0.03602008,296.60940000,-3.43562100
-0.03268608,301.20240000,-3.43562100
-0.02935208,296.60940000,-3.38984300
-0.02601808,292.01630000,-3.43562100
-0.02268408,292.01630000,-3.38984300
-0.01935008,287.42330000,-3.38984300
-0.01601608,287.42330000,-3.43562100
-0.01268208,282.83030000,-3.38984300
-0.00934808,282.83030000,-3.43562100
-0.00601408,282.83030000,-3.38984300
-0.00268008,282.83030000,-3.38984300
